train_loss,val_loss,val_accuracy
0.33435068578079896,0.3127235260109107,0.8345266927083334
0.2985346477296617,0.3043948217233022,0.8345286458333333
0.2810353235690682,0.30363858194152515,0.83452734375
