train_loss,val_loss,val_accuracy
0.35191926161117026,0.3354925305744012,0.8326595052083333
0.32309801187007514,0.33821201062202455,0.8326627604166666
0.3230980124374231,0.33821201062202455,0.8326627604166666
